Designator,Footprint,Quantity,Value,LCSC Part #
"C1, C7",0402,2,10p,
C10,0402,1,10n,
C11,0402,1,1u,
"C12, C13",0805,2,22u,
C2,0603,1,10u,
"C3, C4, C5, C6, C8, C9",0402,6,100n,
"D1, D10, D100, D101, D102, D103, D104, D105, D106, D107, D108, D109, D11, D110, D111, D112, D113, D114, D115, D12, D13, D14, D15, D16, D17, D18, D19, D2, D20, D21, D22, D23, D24, D25, D26, D27, D28, D29, D3, D30, D31, D32, D33, D34, D35, D36, D37, D38, D39, D4, D40, D41, D42, D43, D44, D45, D46, D47, D48, D49, D5, D50, D51, D52, D53, D54, D55, D56, D57, D58, D59, D6, D60, D61, D62, D63, D64, D65, D66, D67, D68, D69, D7, D70, D71, D72, D73, D74, D75, D76, D77, D78, D79, D8, D80, D81, D82, D83, D84, D85, D86, D87, D88, D89, D9, D90, D91, D92, D93, D94, D95, D96, D97, D98, D99",D_SOD-123,115,1N4148W,
J1,USB_Micro-B_Wuerth_629105150521,1,USB_B_Micro,
J2,PinHeader_1x04_P2.54mm_Vertical,1,SWD,
J3,PinHeader_1x01_P2.54mm_Vertical,1,pwr_led+,
J4,PinHeader_1x01_P2.54mm_Vertical,1,pwr_led-,
J5,PinHeader_1x01_P2.54mm_Vertical,1,caps_led+,
J6,PinHeader_1x01_P2.54mm_Vertical,1,caps_led-,
MCU1,LQFP-64_10x10mm_P0.5mm,1,STM32F103RBTx,
R1,0402,1,10k,
R2,0402,1,1k5,
"R3, R4",0603,2,1k5,
U1,SOT-223-3_TabPin2,1,AMS1117-3.3,
Y1,Crystal_SMD_3225-4Pin_3.2x2.5mm,1,16MGz,
sw1,SW_Cherry_MX_1.00u_PCB,1,Esc,
sw10,SW_Cherry_MX_1.00u_PCB,1,Z,
sw100,SW_Cherry_MX_1.00u_PCB,1,N5,
sw101,SW_Cherry_MX_1.00u_PCB,1,N6,
sw102,SW_Cherry_MX_1.00u_PCB,1,N2,
sw103,SW_Cherry_MX_1.00u_PCB,1,N1,
sw104,SW_Cherry_MX_2.00u_PCB,1,N0,
sw105,SW_Cherry_MX_1.00u_PCB,1,MPlay,
sw106,SW_Cherry_MX_1.00u_PCB,1,MFwd,
sw107,SW_Cherry_MX_1.00u_PCB,1,NSlash,
sw108,SW_Cherry_MX_1.00u_PCB,1,NStar,
sw109,SW_Cherry_MX_1.00u_PCB,1,N8,
sw11,SW_Cherry_MX_1.25u_PCB,1,LCtrl,
sw110,SW_Cherry_MX_1.00u_PCB,1,N9,
sw111,SW_Cherry_MX_1.00u_PCB,1,NMinus,
sw112,SW_Cherry_MX_2.00u_Vertical_PCB,1,NPlus,
sw113,SW_Cherry_MX_2.00u_Vertical_PCB,1,NEnter,
sw114,SW_Cherry_MX_1.00u_PCB,1,N3,
sw115,SW_Cherry_MX_1.00u_PCB,1,NPeriod,
sw12,SW_Cherry_MX_1.25u_PCB,1,LSys,
sw13,SW_Cherry_MX_1.00u_PCB,1,F2,
sw14,SW_Cherry_MX_1.00u_PCB,1,F3,
sw15,SW_Cherry_MX_1.00u_PCB,1,2,
sw16,SW_Cherry_MX_1.00u_PCB,1,3,
sw17,SW_Cherry_MX_1.00u_PCB,1,W,
sw18,SW_Cherry_MX_1.00u_PCB,1,E,
sw19,SW_Cherry_MX_1.00u_PCB,1,S,
sw2,SW_Cherry_MX_1.00u_PCB,1,F1,
sw20,SW_Cherry_MX_1.00u_PCB,1,D,
sw21,SW_Cherry_MX_1.00u_PCB,1,X,
sw22,SW_Cherry_MX_1.00u_PCB,1,C,
sw23,SW_Cherry_MX_1.25u_PCB,1,LAlt,
sw24,SW_Cherry_MX_1.00u_PCB,1,THome,
sw25,SW_Cherry_MX_1.00u_PCB,1,F4,
sw26,SW_Cherry_MX_1.00u_PCB,1,F5,
sw27,SW_Cherry_MX_1.00u_PCB,1,4,
sw28,SW_Cherry_MX_1.00u_PCB,1,5,
sw29,SW_Cherry_MX_1.00u_PCB,1,R,
sw3,SW_Cherry_MX_1.00u_PCB,1,Tilda,
sw30,SW_Cherry_MX_1.00u_PCB,1,T,
sw31,SW_Cherry_MX_1.00u_PCB,1,F,
sw32,SW_Cherry_MX_1.00u_PCB,1,G,
sw33,SW_Cherry_MX_1.00u_PCB,1,V,
sw34,SW_Cherry_MX_1.00u_PCB,1,B,
sw35,SW_Cherry_MX_2.75u_PCB,1,LSpace,
sw36,SW_Cherry_MX_1.00u_PCB,1,TLeft,
sw37,SW_Cherry_MX_1.00u_PCB,1,F6,
sw38,SW_Cherry_MX_1.00u_PCB,1,F7,
sw39,SW_Cherry_MX_1.00u_PCB,1,6,
sw4,SW_Cherry_MX_1.00u_PCB,1,1,
sw40,SW_Cherry_MX_1.00u_PCB,1,7,
sw41,SW_Cherry_MX_1.00u_PCB,1,Y,
sw42,SW_Cherry_MX_1.00u_PCB,1,U,
sw43,SW_Cherry_MX_1.00u_PCB,1,H,
sw44,SW_Cherry_MX_1.00u_PCB,1,J,
sw45,SW_Cherry_MX_1.00u_PCB,1,N,
sw46,SW_Cherry_MX_1.00u_PCB,1,M,
sw47,SW_Cherry_MX_1.00u_PCB,1,TUp,
sw48,SW_Cherry_MX_1.00u_PCB,1,TDown,
sw49,SW_Cherry_MX_1.00u_PCB,1,F8,
sw5,SW_Cherry_MX_1.50u_PCB,1,Tab,
sw50,SW_Cherry_MX_1.00u_PCB,1,F9,
sw51,SW_Cherry_MX_1.00u_PCB,1,8,
sw52,SW_Cherry_MX_1.00u_PCB,1,9,
sw53,SW_Cherry_MX_1.00u_PCB,1,I,
sw54,SW_Cherry_MX_1.00u_PCB,1,O,
sw55,SW_Cherry_MX_1.00u_PCB,1,K,
sw56,SW_Cherry_MX_1.00u_PCB,1,L,
sw57,SW_Cherry_MX_1.00u_PCB,1,Comma,
sw58,SW_Cherry_MX_1.00u_PCB,1,Period,
sw59,SW_Cherry_MX_2.25u_PCB,1,RSpace,
sw6,SW_Cherry_MX_1.00u_PCB,1,Q,
sw60,SW_Cherry_MX_1.00u_PCB,1,TRight,
sw61,SW_Cherry_MX_1.00u_PCB,1,F10,
sw62,SW_Cherry_MX_1.00u_PCB,1,F11,
sw63,SW_Cherry_MX_1.00u_PCB,1,0,
sw64,SW_Cherry_MX_1.00u_PCB,1,Minus,
sw65,SW_Cherry_MX_1.00u_PCB,1,P,
sw66,SW_Cherry_MX_1.00u_PCB,1,LBrack,
sw67,SW_Cherry_MX_1.00u_PCB,1,Semi,
sw68,SW_Cherry_MX_1.00u_PCB,1,Quote,
sw69,SW_Cherry_MX_1.00u_PCB,1,FSlash,
sw7,SW_Cherry_MX_1.75u_PCB,1,CAPS,
sw70,SW_Cherry_MX_2.75u_PCB,1,RShift,
sw71,SW_Cherry_MX_1.25u_PCB,1,RAlt,
sw72,SW_Cherry_MX_1.00u_PCB,1,TEnd,
sw73,SW_Cherry_MX_1.00u_PCB,1,F12,
sw74,SW_Cherry_MX_1.00u_PCB,1,PrtSc,
sw75,SW_Cherry_MX_1.00u_PCB,1,Equals,
sw76,SW_Cherry_MX_2.00u_PCB,1,BcSpc,
sw77,SW_Cherry_MX_1.00u_PCB,1,RBrack,
sw78,SW_Cherry_MX_1.50u_PCB,1,BSlash,
sw79,SW_Cherry_MX_2.25u_PCB,1,Enter,
sw8,SW_Cherry_MX_1.00u_PCB,1,A,
sw80,SW_Cherry_MX_1.25u_PCB,1,RCtrl,
sw81,SW_Cherry_MX_1.25u_PCB,1,RSys,
sw82,SW_Cherry_MX_1.25u_PCB,1,Menu,
sw83,SW_Cherry_MX_1.00u_PCB,1,Scroll,
sw84,SW_Cherry_MX_1.00u_PCB,1,Pause,
sw85,SW_Cherry_MX_1.00u_PCB,1,Insert,
sw86,SW_Cherry_MX_1.00u_PCB,1,Home,
sw87,SW_Cherry_MX_1.00u_PCB,1,Dlt,
sw88,SW_Cherry_MX_1.00u_PCB,1,End,
sw89,SW_Cherry_MX_1.00u_PCB,1,N4,
sw9,SW_Cherry_MX_2.25u_PCB,1,LShift,
sw90,SW_Cherry_MX_1.00u_PCB,1,Up,
sw91,SW_Cherry_MX_1.00u_PCB,1,Down,
sw92,SW_Cherry_MX_1.00u_PCB,1,Left,
sw93,SW_Cherry_MX_1.00u_PCB,1,Right,
sw94,SW_Cherry_MX_1.00u_PCB,1,Fn,
sw95,SW_Cherry_MX_1.00u_PCB,1,MBack,
sw96,SW_Cherry_MX_1.00u_PCB,1,PgUp,
sw97,SW_Cherry_MX_1.00u_PCB,1,NLock,
sw98,SW_Cherry_MX_1.00u_PCB,1,PgDwn,
sw99,SW_Cherry_MX_1.00u_PCB,1,N7,
